ContractId,CustomerId,Deposit,ProductPrice,IncomingTransactionId,Amount,sc_name
1197908,89891,39000,288000,1547963,39000,COCODY
1197908,89891,39000,288000,1548630,2000,COCODY
1197908,89891,39000,288000,1548844,2000,COCODY
1197908,89891,39000,288000,1652933,395,COCODY
1197908,89891,39000,288000,1745740,1000,COCODY
1197908,89891,39000,288000,1819734,1000,COCODY
1197908,89891,39000,288000,1950720,1000,COCODY
1197908,89891,39000,288000,2061674,2765,COCODY
1197908,89891,39000,288000,2064307,1000,COCODY
1197908,89891,39000,288000,2065034,500,COCODY
1197908,89891,39000,288000,2065498,2000,COCODY
1197908,89891,39000,288000,2143454,1,COCODY
1197908,89891,39000,288000,2143473,395,COCODY
1197908,89891,39000,288000,2276656,1,COCODY
1197908,89891,39000,288000,2276728,1,COCODY
1197908,89891,39000,288000,2311223,395,COCODY
1197908,89891,39000,288000,2312932,1,COCODY
1197908,89891,39000,288000,2504413,1000,COCODY
1197908,89891,39000,288000,2520929,1000,COCODY
1197908,89891,39000,288000,2521311,3950,COCODY
1197908,89891,39000,288000,2522209,395,COCODY
1197908,89891,39000,288000,2522365,395,COCODY
1197908,89891,39000,288000,2522730,395,COCODY
1197908,89891,39000,288000,2525041,395,COCODY
1197908,89891,39000,288000,2527574,1,COCODY
1197908,89891,39000,288000,2539439,3000,COCODY
1197908,89891,39000,288000,2539914,1,COCODY
1197908,89891,39000,288000,2539936,1,COCODY
1197908,89891,39000,288000,2539937,1,COCODY
1197908,89891,39000,288000,2546264,3,COCODY
1197908,89891,39000,288000,2554237,10,COCODY
1197908,89891,39000,288000,2632381,1,COCODY
1197908,89891,39000,288000,2634408,10,COCODY
1197908,89891,39000,288000,2689069,100,COCODY
1197908,89891,39000,288000,2689069,100,COCODY
1197908,89891,39000,288000,2925321,12000,COCODY
1197908,89891,39000,288000,2925321,12000,COCODY
1197908,89891,39000,288000,2925321,12000,COCODY
1197908,89891,39000,288000,2925321,12000,COCODY
1197908,89891,39000,288000,2925321,12000,COCODY
1197908,89891,39000,288000,2925321,12000,COCODY
1197908,89891,39000,288000,3329584,3950,COCODY
1197908,89891,39000,288000,4010344,395,COCODY
1197908,89891,39000,288000,1548630,2000,COCODY
1197908,89891,39000,288000,4010313,0,COCODY
1197908,89891,39000,288000,4017697,395,COCODY
1197908,89891,39000,288000,4017699,790,COCODY
1197908,89891,39000,288000,4033000,790,COCODY
1197908,89891,39000,288000,4033002,395,COCODY
1197908,89891,39000,288000,4124191,15,COCODY
1197908,89891,39000,288000,4124259,20,COCODY
1197908,89891,39000,288000,4961064,2765,COCODY
1197908,89891,39000,288000,5097556,500,COCODY
1197908,89891,39000,288000,5150680,500,COCODY
1197908,89891,39000,288000,5150682,100,COCODY
1197908,89891,39000,288000,5397104,3000,COCODY
1197908,89891,39000,288000,5397105,1000,COCODY
1197908,89891,39000,288000,5397106,1000,COCODY
1197908,89891,39000,288000,5397107,1000,COCODY
1197908,89891,39000,288000,5399461,500,COCODY
1197908,89891,39000,288000,5502443,100,COCODY
1197908,89891,39000,288000,5529025,100,COCODY
1290266,89924,,,1548383,19500,COCODY
1290266,89924,,,1548846,1000,COCODY
1290266,89924,,,1624011,10000,COCODY
1290266,89924,,,2066480,395,COCODY
1290266,89924,,,2066480,395,COCODY
1290266,89924,,,2089272,10,COCODY
1290266,89924,,,2171165,500,COCODY
1290266,89924,,,2193944,10,COCODY
1290266,89924,,,2193944,10,COCODY
1290266,89924,,,2194100,395,COCODY
1290266,89924,,,2193944,10,COCODY
1290266,89924,,,2433198,5000,COCODY
1290266,89924,,,2644234,1000,COCODY
1290266,89924,,,2653755,1000,COCODY
1289851,92607,,,1631226,19500,COCODY
1289851,92607,,,1631492,395,COCODY
1289851,92607,,,1631771,395,COCODY
1208428,93492,10000,136000,1653377,10000,SASSANDRA
1208428,93492,10000,136000,1728621,1000,SASSANDRA
1208428,93492,10000,136000,1826469,1000,SASSANDRA
1208428,93492,10000,136000,1903177,2000,SASSANDRA
1208428,93492,10000,136000,2062042,1000,SASSANDRA
1208428,93492,10000,136000,2144378,1000,SASSANDRA
1208428,93492,10000,136000,2255118,1000,SASSANDRA
1208428,93492,10000,136000,2334046,1000,SASSANDRA
1208428,93492,10000,136000,2427820,1000,SASSANDRA
1208428,93492,10000,136000,2536449,1000,SASSANDRA
1208428,93492,10000,136000,2650572,2000,SASSANDRA
1208428,93492,10000,136000,2891553,1000,SASSANDRA
1208428,93492,10000,136000,3089352,2000,SASSANDRA
1208428,93492,10000,136000,3385250,1000,SASSANDRA
1208428,93492,10000,136000,3408499,800,SASSANDRA
1208428,93492,10000,136000,3595359,1000,SASSANDRA
1208428,93492,10000,136000,3821804,2000,SASSANDRA
1208428,93492,10000,136000,4049435,2000,SASSANDRA
1208428,93492,10000,136000,6024189,3000,SASSANDRA
1208428,93492,10000,136000,8896552,2000,SASSANDRA
1290274,93728,,,1660530,19500,SASSANDRA
1290274,93728,,,1663660,20000,SASSANDRA
1266146,93896,39000,288000,1663984,40000,SASSANDRA
1266146,93896,39000,288000,1729366,12000,SASSANDRA
1266146,93896,39000,288000,1905572,12000,SASSANDRA
1266146,93896,39000,288000,2346461,12000,SASSANDRA
1266146,93896,39000,288000,2829776,12000,SASSANDRA
1266146,93896,39000,288000,2991111,12000,SASSANDRA
1266146,93896,39000,288000,3618108,12000,SASSANDRA
1266146,93896,39000,288000,4081540,12000,SASSANDRA
1266146,93896,39000,288000,5260771,12000,SASSANDRA
1266146,93896,39000,288000,6084284,12000,SASSANDRA
1266146,93896,39000,288000,6769291,12000,SASSANDRA
1266146,93896,39000,288000,8046321,6000,SASSANDRA
1266146,93896,39000,288000,8144897,7000,SASSANDRA
1266146,93896,39000,288000,8958621,12000,SASSANDRA
1266146,93896,39000,288000,9996314,12000,SASSANDRA
1266146,93896,39000,288000,11078223,6000,SASSANDRA
1266146,93896,39000,288000,12070717,1000,SASSANDRA
1266146,93896,39000,288000,12070788,5000,SASSANDRA
1266146,93896,39000,288000,12619863,6000,SASSANDRA
1197883,93915,39000,288000,1666420,39000,SASSANDRA
1197883,93915,39000,288000,1714233,12000,SASSANDRA
1197883,93915,39000,288000,2188988,16500,SASSANDRA
1197883,93915,39000,288000,2967242,16000,SASSANDRA
1197883,93915,39000,288000,4031408,1975,SASSANDRA
1197883,93915,39000,288000,4031765,4740,SASSANDRA
1197883,93915,39000,288000,4473789,12000,SASSANDRA
1197883,93915,39000,288000,5835374,12000,SASSANDRA
1197883,93915,39000,288000,6947930,12000,SASSANDRA
1197883,93915,39000,288000,8085166,12000,SASSANDRA
1197883,93915,39000,288000,9104934,12000,SASSANDRA
1197883,93915,39000,288000,10255598,6000,SASSANDRA
1197883,93915,39000,288000,10895906,6000,SASSANDRA
1197883,93915,39000,288000,11545821,6000,SASSANDRA
1197883,93915,39000,288000,12150486,6000,SASSANDRA
1197883,93915,39000,288000,12768220,6000,SASSANDRA
1227784,94423,19500,144500,1684301,20000,FRESCO
1227784,94423,19500,144500,1744481,2000,FRESCO
1227784,94423,19500,144500,1826732,3500,FRESCO
1227784,94423,19500,144500,1948677,3500,FRESCO
1227784,94423,19500,144500,2090939,3500,FRESCO
1227784,94423,19500,144500,2232490,2000,FRESCO
1227784,94423,19500,144500,2331448,2000,FRESCO
1227784,94423,19500,144500,2429967,2000,FRESCO
1227784,94423,19500,144500,2521290,2000,FRESCO
1227784,94423,19500,144500,2644784,2000,FRESCO
1227784,94423,19500,144500,4535744,1000,FRESCO
1227784,94423,19500,144500,4602064,2000,FRESCO
1227784,94423,19500,144500,4719857,2000,FRESCO
1227784,94423,19500,144500,4857934,2000,FRESCO
1227784,94423,19500,144500,6343616,2000,FRESCO
1227784,94423,19500,144500,8300745,2000,FRESCO
1240033,94424,19500,144500,1684349,20000,FRESCO
1240033,94424,19500,144500,1800944,1900,FRESCO
1240033,94424,19500,144500,1957835,2000,FRESCO
1240033,94424,19500,144500,2029247,5000,FRESCO
1240033,94424,19500,144500,2258871,2000,FRESCO
1240033,94424,19500,144500,2380609,2000,FRESCO
1240033,94424,19500,144500,2557809,2000,FRESCO
1240033,94424,19500,144500,2752925,2000,FRESCO
1240033,94424,19500,144500,2993714,2800,FRESCO
1240033,94424,19500,144500,3248797,2000,FRESCO
1240033,94424,19500,144500,4017397,2400,FRESCO
1240033,94424,19500,144500,4819954,2000,FRESCO
1240033,94424,19500,144500,4819593,2000,FRESCO
1240033,94424,19500,144500,5066616,2000,FRESCO
1240033,94424,19500,144500,5440959,2000,FRESCO
1240033,94424,19500,144500,5572231,5000,FRESCO
1240033,94424,19500,144500,6449166,5000,FRESCO
1240033,94424,19500,144500,6850462,2000,FRESCO
1240033,94424,19500,144500,7336736,4900,FRESCO
1240033,94424,19500,144500,7738908,2800,FRESCO
1240033,94424,19500,144500,7993283,2000,FRESCO
1240033,94424,19500,144500,8274775,3000,FRESCO
1240033,94424,19500,144500,8448013,2500,FRESCO
1240033,94424,19500,144500,8918708,2000,FRESCO
1240033,94424,19500,144500,9086159,2000,FRESCO
1240033,94424,19500,144500,9352436,5000,FRESCO
1240033,94424,19500,144500,9864912,3000,FRESCO
1240033,94424,19500,144500,10293645,2000,FRESCO
1240033,94424,19500,144500,10510751,3000,FRESCO
1240033,94424,19500,144500,10790629,2000,FRESCO
1240033,94424,19500,144500,11131869,2000,FRESCO
1240033,94424,19500,144500,11424908,2000,FRESCO
1240033,94424,19500,144500,11683495,5000,FRESCO
1240033,94424,19500,144500,12183195,3000,FRESCO
1240033,94424,19500,144500,12497414,3000,FRESCO
1240033,94424,19500,144500,12812418,5000,FRESCO
1197915,94573,39000,288000,1688553,42000,SASSANDRA
1197915,94573,39000,288000,1905471,12900,SASSANDRA
1197915,94573,39000,288000,2366791,5000,SASSANDRA
1197915,94573,39000,288000,2575447,6000,SASSANDRA
1197915,94573,39000,288000,3114234,5000,SASSANDRA
1197915,94573,39000,288000,3420112,10000,SASSANDRA
1197915,94573,39000,288000,3972157,2000,SASSANDRA
1197915,94573,39000,288000,4115960,4000,SASSANDRA
1197915,94573,39000,288000,4332039,4000,SASSANDRA
1197915,94573,39000,288000,4571538,5000,SASSANDRA
1197915,94573,39000,288000,4950936,5000,SASSANDRA
1197915,94573,39000,288000,5261070,5000,SASSANDRA
1197915,94573,39000,288000,5575090,5000,SASSANDRA
1197915,94573,39000,288000,5990013,5000,SASSANDRA
1197915,94573,39000,288000,6362050,5000,SASSANDRA
1197915,94573,39000,288000,6740818,5000,SASSANDRA
1197915,94573,39000,288000,7132649,5000,SASSANDRA
1197915,94573,39000,288000,7565151,5000,SASSANDRA
1197915,94573,39000,288000,7980977,5000,SASSANDRA
1197915,94573,39000,288000,8442290,5000,SASSANDRA
1197915,94573,39000,288000,8896789,5000,SASSANDRA
1197915,94573,39000,288000,9375450,5000,SASSANDRA
1197915,94573,39000,288000,9816096,5000,SASSANDRA
1197915,94573,39000,288000,10206161,5000,SASSANDRA
1197915,94573,39000,288000,10777450,5000,SASSANDRA
1197915,94573,39000,288000,11349377,5000,SASSANDRA
1197915,94573,39000,288000,11807623,4500,SASSANDRA
1197915,94573,39000,288000,12329566,5000,SASSANDRA
1197915,94573,39000,288000,12787238,5000,SASSANDRA
1197921,95276,39000,288000,1714629,40000,SASSANDRA
1197921,95276,39000,288000,1813257,12000,SASSANDRA
1197921,95276,39000,288000,2340074,12000,SASSANDRA
1197921,95276,39000,288000,2905742,12000,SASSANDRA
1197921,95276,39000,288000,3545404,12000,SASSANDRA
1197921,95276,39000,288000,4227738,12000,SASSANDRA
1197921,95276,39000,288000,5021022,12000,SASSANDRA
1197921,95276,39000,288000,5844298,12000,SASSANDRA
1197921,95276,39000,288000,6728888,12000,SASSANDRA
1197921,95276,39000,288000,7715325,12000,SASSANDRA
1197921,95276,39000,288000,8677350,12000,SASSANDRA
1197921,95276,39000,288000,9767519,12000,SASSANDRA
1197921,95276,39000,288000,10928943,5000,SASSANDRA
1197921,95276,39000,288000,11392765,7000,SASSANDRA
1197921,95276,39000,288000,12110103,12000,SASSANDRA
1197912,95721,39000,288000,1728764,50000,SASSANDRA
1197912,95721,39000,288000,3749543,30000,SASSANDRA
1197912,95721,39000,288000,5087586,6000,SASSANDRA
1197912,95721,39000,288000,6947727,6000,SASSANDRA
1197912,95721,39000,288000,7384189,6000,SASSANDRA
1197912,95721,39000,288000,7937744,6000,SASSANDRA
1197912,95721,39000,288000,8567245,6000,SASSANDRA
1197912,95721,39000,288000,9051497,5000,SASSANDRA
1197912,95721,39000,288000,9559945,6000,SASSANDRA
1197912,95721,39000,288000,10114580,6000,SASSANDRA
1197912,95721,39000,288000,10738633,6000,SASSANDRA
1197912,95721,39000,288000,11462559,6000,SASSANDRA
1197912,95721,39000,288000,12229116,6000,SASSANDRA
1212770,95775,19500,144500,1729171,19500,SASSANDRA
1212770,95775,19500,144500,1829792,12000,SASSANDRA
1212770,95775,19500,144500,2380621,12000,SASSANDRA
1212770,95775,19500,144500,2381170,1,SASSANDRA
1212770,95775,19500,144500,2397638,1,SASSANDRA
1212770,95775,19500,144500,2397657,1,SASSANDRA
1212770,95775,19500,144500,3206918,12000,SASSANDRA
1212770,95775,19500,144500,7016906,20000,SASSANDRA
1212770,95775,19500,144500,8086167,12000,SASSANDRA
1212770,95775,19500,144500,10147880,12000,SASSANDRA
1197875,96116,39000,288000,1740614,40000,SAN-PEDRO
1197875,96116,39000,288000,1856289,12000,SAN-PEDRO
1197875,96116,39000,288000,2551545,12000,SAN-PEDRO
1197875,96116,39000,288000,3478585,6000,SAN-PEDRO
1197875,96116,39000,288000,3847154,12000,SAN-PEDRO
1197875,96116,39000,288000,4035954,1975,SAN-PEDRO
1197875,96116,39000,288000,4036297,1975,SAN-PEDRO
1197875,96116,39000,288000,4682596,12000,SAN-PEDRO
1197875,96116,39000,288000,6547999,12000,SAN-PEDRO
1197879,96194,39000,288000,1743555,40000,SASSANDRA
1197879,96194,39000,288000,1829595,12000,SASSANDRA
1197879,96194,39000,288000,2303032,10000,SASSANDRA
1197879,96194,39000,288000,2947976,14000,SASSANDRA
1197879,96194,39000,288000,4086312,8000,SASSANDRA
1197879,96194,39000,288000,4631925,6000,SASSANDRA
1197879,96194,39000,288000,6264362,3000,SASSANDRA
1197879,96194,39000,288000,6534245,6000,SASSANDRA
1197879,96194,39000,288000,6562840,1500,SASSANDRA
1197879,96194,39000,288000,7226682,1580,SASSANDRA
1197879,96194,39000,288000,7317594,2370,SASSANDRA
1197879,96194,39000,288000,7565035,10000,SASSANDRA
1266151,96570,39000,288000,1753389,40000,SAN-PEDRO
1266151,96570,39000,288000,2015609,5000,SAN-PEDRO
1266151,96570,39000,288000,2242023,5000,SAN-PEDRO
1266151,96570,39000,288000,2558334,10000,SAN-PEDRO
1266151,96570,39000,288000,3003339,10000,SAN-PEDRO
1266151,96570,39000,288000,3531898,5000,SAN-PEDRO
1266151,96570,39000,288000,4032707,5000,SAN-PEDRO
1266151,96570,39000,288000,5144640,1975,SAN-PEDRO
1266151,96570,39000,288000,5609024,2000,SAN-PEDRO
1266151,96570,39000,288000,7195104,5100,SAN-PEDRO
1266151,96570,39000,288000,7657653,5000,SAN-PEDRO
1266151,96570,39000,288000,9454596,10000,SAN-PEDRO
1266151,96570,39000,288000,12965574,5000,SAN-PEDRO
1227971,96584,19500,144500,1754775,30000,SAN-PEDRO
1227971,96584,19500,144500,2276882,10000,SAN-PEDRO
1227971,96584,19500,144500,2790457,10000,SAN-PEDRO
1227971,96584,19500,144500,3355180,10000,SAN-PEDRO
1227971,96584,19500,144500,3963941,10000,SAN-PEDRO
1227971,96584,19500,144500,4654102,10000,SAN-PEDRO
1227971,96584,19500,144500,5420656,10000,SAN-PEDRO
1227971,96584,19500,144500,6141828,10000,SAN-PEDRO
1227971,96584,19500,144500,6952516,10000,SAN-PEDRO
1227971,96584,19500,144500,7877010,10500,SAN-PEDRO
1227971,96584,19500,144500,8787159,7000,SAN-PEDRO
1227971,96584,19500,144500,8787209,3000,SAN-PEDRO
1227971,96584,19500,144500,9524984,10000,SAN-PEDRO
1227971,96584,19500,144500,11984032,10000,SAN-PEDRO
1227971,96584,19500,144500,12959034,5000,SAN-PEDRO
1208548,96591,19500,144500,1756321,20000,SAN-PEDRO
1208548,96591,19500,144500,1882546,5000,SAN-PEDRO
1208548,96591,19500,144500,2061009,5000,SAN-PEDRO
1208548,96591,19500,144500,2336798,5000,SAN-PEDRO
1208548,96591,19500,144500,2656314,5000,SAN-PEDRO
1208548,96591,19500,144500,3251309,5000,SAN-PEDRO
1208548,96591,19500,144500,3539141,5000,SAN-PEDRO
1208548,96591,19500,144500,3836370,5000,SAN-PEDRO
1208548,96591,19500,144500,4123971,5000,SAN-PEDRO
1208548,96591,19500,144500,4714862,9400,SAN-PEDRO
1208548,96591,19500,144500,5397453,5000,SAN-PEDRO
1208548,96591,19500,144500,5705474,5000,SAN-PEDRO
1208548,96591,19500,144500,6076310,5000,SAN-PEDRO
1208548,96591,19500,144500,6477431,5000,SAN-PEDRO
1208548,96591,19500,144500,7416805,5000,SAN-PEDRO
1208548,96591,19500,144500,8259730,5000,SAN-PEDRO
1208548,96591,19500,144500,8821729,5000,SAN-PEDRO
1208548,96591,19500,144500,9269899,5000,SAN-PEDRO
1208549,96592,19500,144500,1756375,20000,SAN-PEDRO
1208549,96592,19500,144500,1882626,5000,SAN-PEDRO
1208549,96592,19500,144500,2061029,5000,SAN-PEDRO
1208549,96592,19500,144500,2472949,5000,SAN-PEDRO
1208549,96592,19500,144500,3259446,5000,SAN-PEDRO
1208549,96592,19500,144500,5436035,9900,SAN-PEDRO
1208549,96592,19500,144500,8259906,20000,SAN-PEDRO
1208549,96592,19500,144500,12590430,10000,SAN-PEDRO
1207895,96686,19500,144500,1758827,19500,TABOU
1207895,96686,19500,144500,2340424,5000,TABOU
1207895,96686,19500,144500,6398995,24000,TABOU
1228128,96863,19500,144500,1760717,20000,FRESCO
1228128,96863,19500,144500,1903089,3000,FRESCO
1228128,96863,19500,144500,2012543,3000,FRESCO
1228128,96863,19500,144500,2142282,1200,FRESCO
1227938,96939,19500,144500,1761703,30000,FRESCO
1227938,96939,19500,144500,1921905,15000,FRESCO
1227938,96939,19500,144500,2438969,15000,FRESCO
1227938,96939,19500,144500,3048910,15000,FRESCO
1227938,96939,19500,144500,3745809,15000,FRESCO
1227938,96939,19500,144500,5581251,4000,FRESCO
1227938,96939,19500,144500,5990827,10000,FRESCO
1227938,96939,19500,144500,6681120,2000,FRESCO
1227938,96939,19500,144500,6822263,5000,FRESCO
1227938,96939,19500,144500,6851997,5000,FRESCO
1227938,96939,19500,144500,7641504,15000,FRESCO
1227938,96939,19500,144500,8898765,11900,FRESCO
1227938,96939,19500,144500,10066166,12000,FRESCO
1227938,96939,19500,144500,11234674,9000,FRESCO
1227938,96939,19500,144500,11234706,100,FRESCO
1227779,97018,19500,144500,1763758,20000,DAKPADOU
1227779,97018,19500,144500,1889452,3000,DAKPADOU
1227779,97018,19500,144500,6177419,790,DAKPADOU
1208452,97038,19500,144500,1764725,20000,DAKPADOU
1208452,97038,19500,144500,1845151,11850,DAKPADOU
1208452,97038,19500,144500,2327129,11850,DAKPADOU
1208452,97038,19500,144500,2887359,11850,DAKPADOU
1208452,97038,19500,144500,3522190,11850,DAKPADOU
1208452,97038,19500,144500,4193710,11850,DAKPADOU
1208452,97038,19500,144500,4936787,11850,DAKPADOU
1208452,97038,19500,144500,5714850,11850,DAKPADOU
1208452,97038,19500,144500,6537093,11850,DAKPADOU
1208452,97038,19500,144500,7555943,11850,DAKPADOU
1208452,97038,19500,144500,8473973,11850,DAKPADOU
1208452,97038,19500,144500,9470617,11850,DAKPADOU
1208452,97038,19500,144500,10667049,13650,DAKPADOU
1227933,97100,19500,144500,1770928,20000,FRESCO
1227933,97100,19500,144500,1831589,10000,FRESCO
1227933,97100,19500,144500,2280499,10000,FRESCO
1227933,97100,19500,144500,2861016,10000,FRESCO
1227933,97100,19500,144500,5792595,15000,FRESCO
1227933,97100,19500,144500,7005258,20000,FRESCO
1227933,97100,19500,144500,7485430,11850,FRESCO
1227933,97100,19500,144500,9033708,1185,FRESCO
1227933,97100,19500,144500,9198392,20000,FRESCO
1227933,97100,19500,144500,11081838,15000,FRESCO
1227933,97100,19500,144500,12581293,20000,FRESCO
1211366,97101,19500,144500,1771109,20000,FRESCO
1211366,97101,19500,144500,1844114,12000,FRESCO
1211366,97101,19500,144500,2366299,10000,FRESCO
1211366,97101,19500,144500,2790668,5000,FRESCO
1211366,97101,19500,144500,2929813,5000,FRESCO
1211366,97101,19500,144500,2967779,3950,FRESCO
1211366,97101,19500,144500,3257591,5000,FRESCO
1211366,97101,19500,144500,3381128,3555,FRESCO
1211366,97101,19500,144500,3608497,1975,FRESCO
1211366,97101,19500,144500,3837386,5000,FRESCO
1211366,97101,19500,144500,3946008,3950,FRESCO
1211366,97101,19500,144500,4009071,3950,FRESCO
1211366,97101,19500,144500,4538812,2000,FRESCO
1211366,97101,19500,144500,4983196,10000,FRESCO
1211366,97101,19500,144500,5260893,2000,FRESCO
1211366,97101,19500,144500,5336364,6715,FRESCO
1211366,97101,19500,144500,5571835,3160,FRESCO
1211366,97101,19500,144500,5796927,2000,FRESCO
1211366,97101,19500,144500,5950001,2000,FRESCO
1211366,97101,19500,144500,6112973,2000,FRESCO
1211366,97101,19500,144500,6245983,1975,FRESCO
1211366,97101,19500,144500,7706066,2000,FRESCO
1211366,97101,19500,144500,9306213,2000,FRESCO
1211366,97101,19500,144500,9516776,2500,FRESCO
1211366,97101,19500,144500,9721277,5000,FRESCO
1211366,97101,19500,144500,10147413,2000,FRESCO
1211366,97101,19500,144500,10503482,2000,FRESCO
1211366,97101,19500,144500,10674565,5000,FRESCO
1211366,97101,19500,144500,11229633,5000,FRESCO
1211366,97101,19500,144500,12235252,2000,FRESCO
1211366,97101,19500,144500,12485806,2000,FRESCO
1228102,97102,19500,144500,1771181,20000,FRESCO
1228102,97102,19500,144500,1885864,10000,FRESCO
1228102,97102,19500,144500,2294373,10000,FRESCO
1228102,97102,19500,144500,5792348,20000,FRESCO
1228102,97102,19500,144500,7094518,30000,FRESCO
1228102,97102,19500,144500,9198289,20000,FRESCO
1228102,97102,19500,144500,11637181,20000,FRESCO
1207882,97103,19500,144500,1771227,19500,FRESCO
1207882,97103,19500,144500,1841188,5000,FRESCO
1207882,97103,19500,144500,1841188,5000,FRESCO
1207882,97103,19500,144500,1841188,5000,FRESCO
1207882,97103,19500,144500,2058711,12500,FRESCO
1207882,97103,19500,144500,2724286,12500,FRESCO
1207882,97103,19500,144500,8191309,108500,FRESCO
1207872,97274,19500,144500,1774690,19500,TABOU
1207872,97274,19500,144500,1774690,19500,TABOU
1207872,97274,19500,144500,1828819,3000,TABOU
1207872,97274,19500,144500,1927475,1975,TABOU
1207872,97274,19500,144500,2042756,2000,TABOU
1207872,97274,19500,144500,2059034,2000,TABOU
1207872,97274,19500,144500,2091195,5000,TABOU
1207872,97274,19500,144500,2568575,3000,TABOU
1207872,97274,19500,144500,2767304,5000,TABOU
1207872,97274,19500,144500,3131290,5000,TABOU
1207872,97274,19500,144500,3362044,5000,TABOU
1207872,97274,19500,144500,8223780,5000,TABOU
1197910,97337,39000,288000,1775710,40000,SAN-PEDRO
1197910,97337,39000,288000,1775710,40000,SAN-PEDRO
1197910,97337,39000,288000,1776280,2000,SAN-PEDRO
1197910,97337,39000,288000,1860284,12000,SAN-PEDRO
1197910,97337,39000,288000,2234904,12000,SAN-PEDRO
1197910,97337,39000,288000,2633392,12000,SAN-PEDRO
1197910,97337,39000,288000,2964091,5000,SAN-PEDRO
1197910,97337,39000,288000,3356205,5000,SAN-PEDRO
1197910,97337,39000,288000,3874502,4000,SAN-PEDRO
1197910,97337,39000,288000,4409665,4000,SAN-PEDRO
1197910,97337,39000,288000,4619756,4000,SAN-PEDRO
1197910,97337,39000,288000,4977864,4000,SAN-PEDRO
1197910,97337,39000,288000,5285578,4000,SAN-PEDRO
1197910,97337,39000,288000,5552188,5000,SAN-PEDRO
1197910,97337,39000,288000,5923189,5000,SAN-PEDRO
1197910,97337,39000,288000,6231113,4000,SAN-PEDRO
1197910,97337,39000,288000,6586692,5000,SAN-PEDRO
1197910,97337,39000,288000,7005791,3000,SAN-PEDRO
1197910,97337,39000,288000,7137965,3000,SAN-PEDRO
1197910,97337,39000,288000,7401482,4000,SAN-PEDRO
1197910,97337,39000,288000,7752040,3000,SAN-PEDRO
1197910,97337,39000,288000,8268968,12000,SAN-PEDRO
1197910,97337,39000,288000,9276646,3000,SAN-PEDRO
1197910,97337,39000,288000,9276669,3000,SAN-PEDRO
1197910,97337,39000,288000,9623608,3000,SAN-PEDRO
1197910,97337,39000,288000,10131704,3000,SAN-PEDRO
1197910,97337,39000,288000,10404521,3000,SAN-PEDRO
1197910,97337,39000,288000,10710233,2000,SAN-PEDRO
1197910,97337,39000,288000,10732181,3000,SAN-PEDRO
1197910,97337,39000,288000,11150466,3000,SAN-PEDRO
1197910,97337,39000,288000,11477609,5000,SAN-PEDRO
1197910,97337,39000,288000,12298722,3000,SAN-PEDRO
1197910,97337,39000,288000,12613764,5000,SAN-PEDRO
1197848,97409,39000,288000,1777123,40000,FRESCO
1197848,97409,39000,288000,1909586,12000,FRESCO
1197848,97409,39000,288000,2451419,12000,FRESCO
1197848,97409,39000,288000,3172667,12000,FRESCO
1197848,97409,39000,288000,4034785,12000,FRESCO
1197848,97409,39000,288000,10944385,10000,FRESCO
1197848,97409,39000,288000,12894995,10000,FRESCO
1227957,97449,19500,144500,1781054,20000,FRESCO
1227957,97449,19500,144500,1859770,6000,FRESCO
1227957,97449,19500,144500,1883537,15000,FRESCO
1227957,97449,19500,144500,2554619,5000,FRESCO
1227957,97449,19500,144500,3043715,5000,FRESCO
1227957,97449,19500,144500,3309616,4750,FRESCO
1227957,97449,19500,144500,3557986,4500,FRESCO
1227957,97449,19500,144500,3831409,7000,FRESCO
1227957,97449,19500,144500,4264737,3000,FRESCO
1227957,97449,19500,144500,4264977,2000,FRESCO
1227957,97449,19500,144500,4265907,5000,FRESCO
1227957,97449,19500,144500,4881288,5000,FRESCO
1227957,97449,19500,144500,5189138,6000,FRESCO
1227957,97449,19500,144500,5629804,5000,FRESCO
1227957,97449,19500,144500,5990377,5000,FRESCO
1227957,97449,19500,144500,6558639,10000,FRESCO
1227957,97449,19500,144500,7322676,15000,FRESCO
1227957,97449,19500,144500,8499699,20000,FRESCO
1227957,97449,19500,144500,8500340,16750,FRESCO
1208458,97477,19500,144500,1785177,20000,SASSANDRA
1208458,97477,19500,144500,1860733,15000,SASSANDRA
1208458,97477,19500,144500,2483811,2000,SASSANDRA
1208458,97477,19500,144500,2592882,11000,SASSANDRA
1208458,97477,19500,144500,3167384,2000,SASSANDRA
1208458,97477,19500,144500,3251399,5000,SASSANDRA
1208458,97477,19500,144500,3734827,2000,SASSANDRA
1208458,97477,19500,144500,3828561,6000,SASSANDRA
1227968,97478,19500,144500,1785471,20000,SASSANDRA
1227968,97478,19500,144500,2518887,8000,SASSANDRA
1227968,97478,19500,144500,3865126,3000,SASSANDRA
1227968,97478,19500,144500,4340306,2000,SASSANDRA
1227968,97478,19500,144500,4678002,2500,SASSANDRA
1227968,97478,19500,144500,5549199,5000,SASSANDRA
1227968,97478,19500,144500,6057162,2000,SASSANDRA
1227968,97478,19500,144500,6917224,2500,SASSANDRA
1227968,97478,19500,144500,7641445,3000,SASSANDRA
1227968,97478,19500,144500,7976792,2000,SASSANDRA
1227968,97478,19500,144500,9090629,5000,SASSANDRA
1227968,97478,19500,144500,10146748,5000,SASSANDRA
1227968,97478,19500,144500,11202679,2000,SASSANDRA
1228101,97479,19500,144500,1785520,20000,FRESCO
1228101,97479,19500,144500,1926440,11900,FRESCO
1228101,97479,19500,144500,2411896,12000,FRESCO
1228101,97479,19500,144500,2411969,12000,FRESCO
1228101,97479,19500,144500,3624104,12000,FRESCO
1228101,97479,19500,144500,4613652,12000,FRESCO
1228101,97479,19500,144500,5450856,12000,FRESCO
1227963,97480,19500,144500,1785586,20000,TABOU
1227963,97480,19500,144500,1871242,2800,TABOU
1227963,97480,19500,144500,1970974,2800,TABOU
1227963,97480,19500,144500,2094597,2800,TABOU
1227963,97480,19500,144500,2202574,3000,TABOU
1227963,97480,19500,144500,2202574,3000,TABOU
1227963,97480,19500,144500,2202574,3000,TABOU
1227963,97480,19500,144500,2202574,3000,TABOU
1227963,97480,19500,144500,2202574,3000,TABOU
1227963,97480,19500,144500,2202574,3000,TABOU
1227963,97480,19500,144500,2202574,3000,TABOU
1227963,97480,19500,144500,2313512,3000,TABOU
1227963,97480,19500,144500,2440392,3000,TABOU
1227963,97480,19500,144500,2581039,3000,TABOU
1227963,97480,19500,144500,2724420,3000,TABOU
1227963,97480,19500,144500,2902511,3000,TABOU
1227963,97480,19500,144500,2926442,1000,TABOU
1227963,97480,19500,144500,2969219,2000,TABOU
1227963,97480,19500,144500,3217543,3000,TABOU
1227963,97480,19500,144500,3377113,3000,TABOU
1227963,97480,19500,144500,3550750,3000,TABOU
1227963,97480,19500,144500,3634020,6000,TABOU
1227963,97480,19500,144500,4053816,3000,TABOU
1227963,97480,19500,144500,4240882,3000,TABOU
1227963,97480,19500,144500,4398835,3000,TABOU
1227963,97480,19500,144500,4810775,3000,TABOU
1227963,97480,19500,144500,4970667,3000,TABOU
1227963,97480,19500,144500,5225882,3000,TABOU
1227963,97480,19500,144500,5414421,3000,TABOU
1227963,97480,19500,144500,5629658,3000,TABOU
1227963,97480,19500,144500,5825344,3000,TABOU
1227963,97480,19500,144500,6059278,3000,TABOU
1227963,97480,19500,144500,6284851,3000,TABOU
1227963,97480,19500,144500,6558146,3000,TABOU
1227963,97480,19500,144500,6821846,3000,TABOU
1227963,97480,19500,144500,7127492,3000,TABOU
1227963,97480,19500,144500,7641507,3000,TABOU
1227963,97480,19500,144500,7932471,3000,TABOU
1227963,97480,19500,144500,8151922,3000,TABOU
1227963,97480,19500,144500,8501725,3000,TABOU
1227963,97480,19500,144500,8801739,3000,TABOU
1227963,97480,19500,144500,9060664,3000,TABOU
1227963,97480,19500,144500,9369072,3000,TABOU
1227963,97480,19500,144500,9662012,3000,TABOU
1227963,97480,19500,144500,10026347,5000,TABOU
1227963,97480,19500,144500,10871869,9000,TABOU
1227963,97480,19500,144500,11707440,3000,TABOU
1227963,97480,19500,144500,12115532,3000,TABOU
1227963,97480,19500,144500,12184201,3000,TABOU
1227963,97480,19500,144500,12704094,6000,TABOU
1207881,97544,19500,144500,1788163,24500,SAN-PEDRO
1207881,97544,19500,144500,2056844,5000,SAN-PEDRO
1207881,97544,19500,144500,2307748,3000,SAN-PEDRO
1207881,97544,19500,144500,2442463,2000,SAN-PEDRO
1207881,97544,19500,144500,2543553,3500,SAN-PEDRO
1207881,97544,19500,144500,2689748,2000,SAN-PEDRO
1207881,97544,19500,144500,2771900,2000,SAN-PEDRO
1207881,97544,19500,144500,3013145,2500,SAN-PEDRO
1207881,97544,19500,144500,3146763,2000,SAN-PEDRO
1207881,97544,19500,144500,3238562,2000,SAN-PEDRO
1207881,97544,19500,144500,3420783,2000,SAN-PEDRO
1207881,97544,19500,144500,3596956,5000,SAN-PEDRO
1207881,97544,19500,144500,4342843,3000,SAN-PEDRO
1207881,97544,19500,144500,4524698,2000,SAN-PEDRO
1207881,97544,19500,144500,4665896,5000,SAN-PEDRO
1207881,97544,19500,144500,4980045,2000,SAN-PEDRO
1207881,97544,19500,144500,5155649,2350,SAN-PEDRO
1207881,97544,19500,144500,5443985,2000,SAN-PEDRO
1207881,97544,19500,144500,5575589,2500,SAN-PEDRO
1207881,97544,19500,144500,5988308,2500,SAN-PEDRO
1207881,97544,19500,144500,6156100,2000,SAN-PEDRO
1207881,97544,19500,144500,6389505,2500,SAN-PEDRO
1207881,97544,19500,144500,6706483,2500,SAN-PEDRO
1207881,97544,19500,144500,6905874,2500,SAN-PEDRO
1207881,97544,19500,144500,7125720,2500,SAN-PEDRO
1207881,97544,19500,144500,7344938,2000,SAN-PEDRO
1207881,97544,19500,144500,7486608,3000,SAN-PEDRO
1207881,97544,19500,144500,7775750,3000,SAN-PEDRO
1207881,97544,19500,144500,8845647,3000,SAN-PEDRO
1207881,97544,19500,144500,9125725,2500,SAN-PEDRO
1207881,97544,19500,144500,9923754,3000,SAN-PEDRO
1207881,97544,19500,144500,10177373,2500,SAN-PEDRO
1207881,97544,19500,144500,10587175,3000,SAN-PEDRO
1207881,97544,19500,144500,10844567,2000,SAN-PEDRO
1207881,97544,19500,144500,10967620,2000,SAN-PEDRO
1207881,97544,19500,144500,11205544,3000,SAN-PEDRO
1207881,97544,19500,144500,11920732,2000,SAN-PEDRO
1207881,97544,19500,144500,12238244,3000,SAN-PEDRO
1207881,97544,19500,144500,12534577,2500,SAN-PEDRO
1266147,97730,39000,288000,1798667,40000,FRESCO
1266147,97730,39000,288000,1819309,12000,FRESCO
1266147,97730,39000,288000,2992843,12000,FRESCO
1266147,97730,39000,288000,4194534,12000,FRESCO
1266147,97730,39000,288000,5141932,12000,FRESCO
1266147,97730,39000,288000,6335006,12000,FRESCO
1266147,97730,39000,288000,7320368,6000,FRESCO
1266147,97730,39000,288000,8472383,12000,FRESCO
1266147,97730,39000,288000,11843246,12000,FRESCO
1207890,97859,19500,144500,1801364,20000,SASSANDRA
1207890,97859,19500,144500,1951238,3000,SASSANDRA
1207890,97859,19500,144500,1997544,7200,SASSANDRA
1207890,97859,19500,144500,2365255,10000,SASSANDRA
1207890,97859,19500,144500,2751866,2370,SASSANDRA
1207890,97859,19500,144500,2944610,3950,SASSANDRA
1207890,97859,19500,144500,3112000,8690,SASSANDRA
1207890,97859,19500,144500,3367234,5135,SASSANDRA
1207890,97859,19500,144500,3896055,4950,SASSANDRA
1207890,97859,19500,144500,4220030,9600,SASSANDRA
1207890,97859,19500,144500,4667116,3950,SASSANDRA
1207890,97859,19500,144500,5066910,9480,SASSANDRA
1207890,97859,19500,144500,5691363,4740,SASSANDRA
1207890,97859,19500,144500,6046619,9500,SASSANDRA
1207890,97859,19500,144500,6279890,3950,SASSANDRA
1207890,97859,19500,144500,6915090,10000,SASSANDRA
1207890,97859,19500,144500,7132650,5000,SASSANDRA
1207890,97859,19500,144500,8147028,5000,SASSANDRA
1207890,97859,19500,144500,8574639,15000,SASSANDRA
1207890,97859,19500,144500,8610877,5000,SASSANDRA
1207890,97859,19500,144500,10331196,10000,SASSANDRA
1207890,97859,19500,144500,10362278,5500,SASSANDRA
1207890,97859,19500,144500,10362278,5500,SASSANDRA
1208529,98179,19500,144500,1814987,20000,TABOU
1208529,98179,19500,144500,1871075,2800,TABOU
1208529,98179,19500,144500,1983125,2000,TABOU
1208529,98179,19500,144500,2046924,2800,TABOU
1208529,98179,19500,144500,2063480,2000,TABOU
1208529,98179,19500,144500,2296016,2000,TABOU
1208529,98179,19500,144500,2313632,3000,TABOU
1208529,98179,19500,144500,2572839,2000,TABOU
1208529,98179,19500,144500,2666013,2000,TABOU
1208529,98179,19500,144500,2803745,2000,TABOU
1208529,98179,19500,144500,2929319,2000,TABOU
1208529,98179,19500,144500,3208826,8700,TABOU
1208529,98179,19500,144500,3292137,395,TABOU
1208529,98179,19500,144500,3334759,2000,TABOU
1208529,98179,19500,144500,3360158,5925,TABOU
1208529,98179,19500,144500,3479074,3950,TABOU
1208529,98179,19500,144500,3479958,1585,TABOU
1208529,98179,19500,144500,3836520,5000,TABOU
1208529,98179,19500,144500,3838008,1580,TABOU
1208529,98179,19500,144500,5504643,2000,TABOU
1208529,98179,19500,144500,6224504,6600,TABOU
1208529,98179,19500,144500,6884268,6000,TABOU
1208529,98179,19500,144500,8122255,4000,TABOU
1208529,98179,19500,144500,8545549,2000,TABOU
1208529,98179,19500,144500,8597055,8000,TABOU
1208529,98179,19500,144500,9546334,4000,TABOU
1208529,98179,19500,144500,9917240,3000,TABOU
1208529,98179,19500,144500,10191454,2000,TABOU
1208529,98179,19500,144500,10191746,2000,TABOU
1208529,98179,19500,144500,10625218,1000,TABOU
1208529,98179,19500,144500,10922144,3000,TABOU
1208529,98179,19500,144500,11386719,4000,TABOU
1208529,98179,19500,144500,11617756,3000,TABOU
1239925,98195,19500,144500,1815129,20000,SASSANDRA
1239925,98195,19500,144500,2993616,2000,SASSANDRA
1239925,98195,19500,144500,7044471,10000,SASSANDRA
1239925,98195,19500,144500,7489299,15000,SASSANDRA
1239925,98195,19500,144500,11770247,15000,SASSANDRA
1197884,98412,39000,288000,1819215,40000,SASSANDRA
1197884,98412,39000,288000,1875337,3000,SASSANDRA
1197884,98412,39000,288000,2095275,3000,SASSANDRA
1197884,98412,39000,288000,2258841,3000,SASSANDRA
1197884,98412,39000,288000,2381527,3000,SASSANDRA
1197884,98412,39000,288000,2527570,3000,SASSANDRA
1197884,98412,39000,288000,2670143,3000,SASSANDRA
1197884,98412,39000,288000,2844124,3000,SASSANDRA
1197884,98412,39000,288000,3002028,3000,SASSANDRA
1197884,98412,39000,288000,3146983,3000,SASSANDRA
1197884,98412,39000,288000,3334678,3000,SASSANDRA
1197884,98412,39000,288000,3499926,3000,SASSANDRA
1197884,98412,39000,288000,3734539,5000,SASSANDRA
1197884,98412,39000,288000,4055324,3000,SASSANDRA
1197884,98412,39000,288000,4262467,3000,SASSANDRA
1197884,98412,39000,288000,4498499,3000,SASSANDRA
1197884,98412,39000,288000,4692973,3000,SASSANDRA
1197884,98412,39000,288000,4931381,3000,SASSANDRA
1197884,98412,39000,288000,5141927,3000,SASSANDRA
1197884,98412,39000,288000,5361238,3000,SASSANDRA
1197884,98412,39000,288000,5572284,3000,SASSANDRA
1197884,98412,39000,288000,5745666,3000,SASSANDRA
1197884,98412,39000,288000,6084244,3000,SASSANDRA
1197884,98412,39000,288000,6334997,3000,SASSANDRA
1197884,98412,39000,288000,6549076,3000,SASSANDRA
1197884,98412,39000,288000,6790618,3000,SASSANDRA
1197884,98412,39000,288000,7032518,3000,SASSANDRA
1197884,98412,39000,288000,7320306,3000,SASSANDRA
1197884,98412,39000,288000,7652743,3000,SASSANDRA
1197884,98412,39000,288000,8085373,3000,SASSANDRA
1197884,98412,39000,288000,8377789,3000,SASSANDRA
1197884,98412,39000,288000,8642051,3000,SASSANDRA
1197884,98412,39000,288000,9085794,3000,SASSANDRA
1197884,98412,39000,288000,9377954,3000,SASSANDRA
1197884,98412,39000,288000,9637819,6000,SASSANDRA
1197884,98412,39000,288000,10258050,3000,SASSANDRA
1197884,98412,39000,288000,10598926,3000,SASSANDRA
1197884,98412,39000,288000,11063348,3000,SASSANDRA
1197884,98412,39000,288000,11395120,3000,SASSANDRA
1197884,98412,39000,288000,11738691,3000,SASSANDRA
1197884,98412,39000,288000,12006806,3000,SASSANDRA
1197884,98412,39000,288000,12428920,3000,SASSANDRA
1197884,98412,39000,288000,12821182,3000,SASSANDRA
1197939,98495,39000,288000,1826598,40000,SAN-PEDRO
1197939,98495,39000,288000,1961886,12000,SAN-PEDRO
1197939,98495,39000,288000,2485162,12000,SAN-PEDRO
1197939,98495,39000,288000,3104306,5000,SAN-PEDRO
1197939,98495,39000,288000,3382969,5000,SAN-PEDRO
1197939,98495,39000,288000,3687747,5000,SAN-PEDRO
1197939,98495,39000,288000,3972039,12000,SAN-PEDRO
1197939,98495,39000,288000,4755216,5000,SAN-PEDRO
1197939,98495,39000,288000,5062864,6000,SAN-PEDRO
1197939,98495,39000,288000,5468200,5000,SAN-PEDRO
1197939,98495,39000,288000,5835408,7000,SAN-PEDRO
1197939,98495,39000,288000,6356318,7000,SAN-PEDRO
1197939,98495,39000,288000,6742411,5000,SAN-PEDRO
1197939,98495,39000,288000,7324504,5000,SAN-PEDRO
1197939,98495,39000,288000,7839248,5000,SAN-PEDRO
1197939,98495,39000,288000,8195843,5000,SAN-PEDRO
1197939,98495,39000,288000,8735453,5000,SAN-PEDRO
1197939,98495,39000,288000,9229042,5000,SAN-PEDRO
1197939,98495,39000,288000,9720185,5000,SAN-PEDRO
1197939,98495,39000,288000,10177344,1352,SAN-PEDRO
1197939,98495,39000,288000,10278338,2000,SAN-PEDRO
1197939,98495,39000,288000,10515843,1200,SAN-PEDRO
1197939,98495,39000,288000,10651692,2000,SAN-PEDRO
1197939,98495,39000,288000,10842400,2000,SAN-PEDRO
1197939,98495,39000,288000,11034240,2000,SAN-PEDRO
1197939,98495,39000,288000,11272721,2000,SAN-PEDRO
1197939,98495,39000,288000,11457070,5000,SAN-PEDRO
1197939,98495,39000,288000,11984221,800,SAN-PEDRO
1197939,98495,39000,288000,12092495,4000,SAN-PEDRO
1197939,98495,39000,288000,12498082,3000,SAN-PEDRO
1197939,98495,39000,288000,12807095,2000,SAN-PEDRO
1208463,98683,15000,156025,1830665,15000,TABOU
1208463,98683,15000,156025,1831177,1,TABOU
1208463,98683,15000,156025,2209510,5000,TABOU
1208463,98683,15000,156025,2209510,5000,TABOU
1208463,98683,15000,156025,2595781,5000,TABOU
1208463,98683,15000,156025,3276203,5000,TABOU
1208463,98683,15000,156025,3554061,5000,TABOU
1208463,98683,15000,156025,4841539,10000,TABOU
1208463,98683,15000,156025,5713755,400,TABOU
1208463,98683,15000,156025,7634588,2000,TABOU
1208463,98683,15000,156025,8576230,2000,TABOU
1208449,98892,15000,156025,1837847,15000,TABOU
1208449,98892,15000,156025,1839528,5000,TABOU
1208449,98892,15000,156025,2143126,3000,TABOU
1208449,98892,15000,156025,2158840,2000,TABOU
1208449,98892,15000,156025,2604562,10000,TABOU
1208449,98892,15000,156025,3362484,5000,TABOU
1208449,98892,15000,156025,4864642,5000,TABOU
1208449,98892,15000,156025,8246854,16000,TABOU
1227942,99150,19500,144500,1845529,20000,SASSANDRA
1227942,99150,19500,144500,2598852,15000,SASSANDRA
1227942,99150,19500,144500,3464840,9900,SASSANDRA
1227942,99150,19500,144500,9914449,5000,SASSANDRA
1227942,99150,19500,144500,12647929,9000,SASSANDRA
1227950,99173,19500,144500,1845852,20000,SASSANDRA
1227950,99173,19500,144500,1968296,10000,SASSANDRA
1227950,99173,19500,144500,2418593,10000,SASSANDRA
1227950,99173,19500,144500,2956814,10000,SASSANDRA
1227950,99173,19500,144500,3509452,10000,SASSANDRA
1227950,99173,19500,144500,4125530,9500,SASSANDRA
1227950,99173,19500,144500,5196663,10600,SASSANDRA
1227950,99173,19500,144500,5196814,5,SASSANDRA
1227950,99173,19500,144500,8354545,20000,SASSANDRA
1227950,99173,19500,144500,11471364,20000,SASSANDRA
1197881,99301,39000,288000,1850015,39000,SAN-PEDRO
1197881,99301,39000,288000,1948700,11600,SAN-PEDRO
1197881,99301,39000,288000,2445076,5000,SAN-PEDRO
1197881,99301,39000,288000,2704829,9900,SAN-PEDRO
1197881,99301,39000,288000,3230898,10000,SAN-PEDRO
1197881,99301,39000,288000,4009756,1975,SAN-PEDRO
1197881,99301,39000,288000,4010128,7505,SAN-PEDRO
1197881,99301,39000,288000,4594528,12000,SAN-PEDRO
1197881,99301,39000,288000,5309378,12000,SAN-PEDRO
1197881,99301,39000,288000,6182649,12000,SAN-PEDRO
1197881,99301,39000,288000,7073211,12000,SAN-PEDRO
1197881,99301,39000,288000,8105859,12000,SAN-PEDRO
1197881,99301,39000,288000,9137351,12000,SAN-PEDRO
1197881,99301,39000,288000,10218565,12000,SAN-PEDRO
1197881,99301,39000,288000,11425561,12000,SAN-PEDRO
1197881,99301,39000,288000,12576754,12000,SAN-PEDRO
1228366,99332,19500,144500,1851793,20000,SAN-PEDRO
1228366,99332,19500,144500,1950984,30000,SAN-PEDRO
1228366,99332,19500,144500,3335321,10000,SAN-PEDRO
1228366,99332,19500,144500,3813632,10000,SAN-PEDRO
1228366,99332,19500,144500,4861089,5000,SAN-PEDRO
1228366,99332,19500,144500,5141827,10000,SAN-PEDRO
1228366,99332,19500,144500,5856381,5000,SAN-PEDRO
1228366,99332,19500,144500,6213655,12000,SAN-PEDRO
1228366,99332,19500,144500,7099756,12000,SAN-PEDRO
1228366,99332,19500,144500,8039246,6000,SAN-PEDRO
1228366,99332,19500,144500,8659602,5000,SAN-PEDRO
1228366,99332,19500,144500,9059442,12000,SAN-PEDRO
1228366,99332,19500,144500,10213865,12000,SAN-PEDRO
1228366,99332,19500,144500,11356863,6000,SAN-PEDRO
1228366,99332,19500,144500,11583793,6000,SAN-PEDRO
1197937,99361,39000,288000,1854673,40000,SAN-PEDRO
1197937,99361,39000,288000,1963729,5000,SAN-PEDRO
1197937,99361,39000,288000,2139090,5000,SAN-PEDRO
1197937,99361,39000,288000,2343318,9900,SAN-PEDRO
1197937,99361,39000,288000,2901497,4900,SAN-PEDRO
1197937,99361,39000,288000,3166982,5000,SAN-PEDRO
1197937,99361,39000,288000,3383213,5000,SAN-PEDRO
1197937,99361,39000,288000,3645259,5000,SAN-PEDRO
1197937,99361,39000,288000,3947275,2370,SAN-PEDRO
1197937,99361,39000,288000,4013735,1185,SAN-PEDRO
1197937,99361,39000,288000,4014027,4345,SAN-PEDRO
1197937,99361,39000,288000,4304072,5000,SAN-PEDRO
1197937,99361,39000,288000,4657574,6000,SAN-PEDRO
1197937,99361,39000,288000,5031365,6000,SAN-PEDRO
1197937,99361,39000,288000,5394810,6000,SAN-PEDRO
1197937,99361,39000,288000,5801018,6000,SAN-PEDRO
1197937,99361,39000,288000,6190731,6000,SAN-PEDRO
1197937,99361,39000,288000,6587359,6000,SAN-PEDRO
1197937,99361,39000,288000,7214256,6000,SAN-PEDRO
1197937,99361,39000,288000,7710487,6000,SAN-PEDRO
1197937,99361,39000,288000,8201462,7000,SAN-PEDRO
1197937,99361,39000,288000,8786880,6000,SAN-PEDRO
1197937,99361,39000,288000,9315370,4000,SAN-PEDRO
1197937,99361,39000,288000,9731517,4000,SAN-PEDRO
1197937,99361,39000,288000,10142165,5000,SAN-PEDRO
1197937,99361,39000,288000,10588206,5000,SAN-PEDRO
1197937,99361,39000,288000,11080084,5000,SAN-PEDRO
1197937,99361,39000,288000,11530662,3000,SAN-PEDRO
1197937,99361,39000,288000,11811670,5000,SAN-PEDRO
1197937,99361,39000,288000,12348432,5000,SAN-PEDRO
1197937,99361,39000,288000,12812923,900,SAN-PEDRO
1197937,99361,39000,288000,12927068,3000,SAN-PEDRO
1227794,99369,19500,144500,1855526,20000,FRESCO
1227794,99369,19500,144500,1966600,20000,FRESCO
1227794,99369,19500,144500,1966600,20000,FRESCO
1227794,99369,19500,144500,1966600,20000,FRESCO
1227794,99369,19500,144500,3461306,20000,FRESCO
1227794,99369,19500,144500,5244426,20000,FRESCO
1227794,99369,19500,144500,8993261,9900,FRESCO
1227794,99369,19500,144500,9358888,11850,FRESCO
1227794,99369,19500,144500,10332034,11850,FRESCO
1227794,99369,19500,144500,10332182,11850,FRESCO
1227794,99369,19500,144500,10332192,5925,FRESCO
1227794,99369,19500,144500,12886711,10000,FRESCO
1197902,99370,39000,288000,1856273,39000,SAN-PEDRO
1197902,99370,39000,288000,1950651,4900,SAN-PEDRO
1197902,99370,39000,288000,2158276,4900,SAN-PEDRO
1197902,99370,39000,288000,2378153,5000,SAN-PEDRO
1197902,99370,39000,288000,2615351,10000,SAN-PEDRO
1197902,99370,39000,288000,3130093,5000,SAN-PEDRO
1197902,99370,39000,288000,3402603,5000,SAN-PEDRO
1197902,99370,39000,288000,3692481,5000,SAN-PEDRO
1197902,99370,39000,288000,3985372,5000,SAN-PEDRO
1197902,99370,39000,288000,4292306,5000,SAN-PEDRO
1197902,99370,39000,288000,4558925,5000,SAN-PEDRO
1197902,99370,39000,288000,4914330,5000,SAN-PEDRO
1197902,99370,39000,288000,5271284,5000,SAN-PEDRO
1197902,99370,39000,288000,5607603,12000,SAN-PEDRO
1197902,99370,39000,288000,6471931,5000,SAN-PEDRO
1197902,99370,39000,288000,6856441,5000,SAN-PEDRO
1197902,99370,39000,288000,7230328,5000,SAN-PEDRO
1197902,99370,39000,288000,7692923,5000,SAN-PEDRO
1197902,99370,39000,288000,8138859,5000,SAN-PEDRO
1197902,99370,39000,288000,8532071,5000,SAN-PEDRO
1197902,99370,39000,288000,8935224,5000,SAN-PEDRO
1197902,99370,39000,288000,9483667,5000,SAN-PEDRO
1197902,99370,39000,288000,9929260,5000,SAN-PEDRO
1197902,99370,39000,288000,10435868,6000,SAN-PEDRO
1197902,99370,39000,288000,10995049,5000,SAN-PEDRO
1197902,99370,39000,288000,11425558,5000,SAN-PEDRO
1197902,99370,39000,288000,11983209,5000,SAN-PEDRO
1197902,99370,39000,288000,12464908,5000,SAN-PEDRO
1197902,99370,39000,288000,12967773,5000,SAN-PEDRO
1197925,99371,39000,288000,1856276,40000,SASSANDRA
1197925,99371,39000,288000,1951649,10000,SASSANDRA
1197925,99371,39000,288000,2412170,20000,SASSANDRA
1197925,99371,39000,288000,3399313,12000,SASSANDRA
1197925,99371,39000,288000,4095204,11000,SASSANDRA
1197925,99371,39000,288000,4806985,12000,SASSANDRA
1197925,99371,39000,288000,5473780,3000,SASSANDRA
1197925,99371,39000,288000,5824396,6000,SASSANDRA
1197925,99371,39000,288000,6251287,5000,SASSANDRA
1197925,99371,39000,288000,6912463,6000,SASSANDRA
1197925,99371,39000,288000,7411230,12000,SASSANDRA
1197925,99371,39000,288000,12192507,10000,SASSANDRA
1228372,99528,15000,156025,1859783,30000,TABOU
1228372,99528,15000,156025,2310421,10000,TABOU
1228372,99528,15000,156025,2960569,10000,TABOU
1228372,99528,15000,156025,3530785,5000,TABOU
1228372,99528,15000,156025,3547378,5000,TABOU
1228372,99528,15000,156025,4052533,10000,TABOU
1228372,99528,15000,156025,4752567,10000,TABOU
1228372,99528,15000,156025,5398400,10000,TABOU
1228372,99528,15000,156025,6145241,5000,TABOU
1228372,99528,15000,156025,6221554,5000,TABOU
1228372,99528,15000,156025,6902331,10000,TABOU
1228372,99528,15000,156025,7646261,12000,TABOU
1228372,99528,15000,156025,8638810,12000,TABOU
1228372,99528,15000,156025,9774655,29625,TABOU
1227962,99598,15000,156025,1861110,30000,DJOUROUTOU
1227962,99598,15000,156025,2609897,15000,DJOUROUTOU
1227962,99598,15000,156025,3459598,2000,DJOUROUTOU
1227962,99598,15000,156025,4200944,5000,DJOUROUTOU
1227962,99598,15000,156025,4980389,10000,DJOUROUTOU
1227962,99598,15000,156025,7076482,10000,DJOUROUTOU
1227962,99598,15000,156025,9801940,25000,DJOUROUTOU
1208057,99615,19500,144500,1861173,20000,SAN-PEDRO
1208057,99615,19500,144500,1948683,7500,SAN-PEDRO
1208057,99615,19500,144500,2178914,6000,SAN-PEDRO
1208057,99615,19500,144500,2412344,6000,SAN-PEDRO
1208057,99615,19500,144500,2750235,7000,SAN-PEDRO
1208057,99615,19500,144500,3148067,6000,SAN-PEDRO
1208057,99615,19500,144500,3148119,6000,SAN-PEDRO
1208057,99615,19500,144500,3474960,5000,SAN-PEDRO
1208057,99615,19500,144500,3573994,6000,SAN-PEDRO
1208057,99615,19500,144500,4477421,2500,SAN-PEDRO
1208057,99615,19500,144500,4658255,2000,SAN-PEDRO
1208057,99615,19500,144500,4780684,2500,SAN-PEDRO
1208057,99615,19500,144500,4916359,3000,SAN-PEDRO
1208057,99615,19500,144500,5065056,3000,SAN-PEDRO
1208057,99615,19500,144500,5296117,2500,SAN-PEDRO
1208057,99615,19500,144500,5425128,2500,SAN-PEDRO
1208057,99615,19500,144500,5603012,2000,SAN-PEDRO
1208057,99615,19500,144500,5779522,2500,SAN-PEDRO
1208057,99615,19500,144500,5915011,3000,SAN-PEDRO
1208057,99615,19500,144500,6208019,2500,SAN-PEDRO
1208057,99615,19500,144500,6389943,2000,SAN-PEDRO
1208057,99615,19500,144500,6501585,2500,SAN-PEDRO
1208057,99615,19500,144500,6643804,2000,SAN-PEDRO
1208057,99615,19500,144500,6763820,2500,SAN-PEDRO
1208057,99615,19500,144500,6942606,2000,SAN-PEDRO
1208057,99615,19500,144500,7185995,3000,SAN-PEDRO
1208057,99615,19500,144500,7417115,2500,SAN-PEDRO
1208057,99615,19500,144500,7639014,3000,SAN-PEDRO
1208057,99615,19500,144500,7878226,2000,SAN-PEDRO
1208057,99615,19500,144500,8047762,2000,SAN-PEDRO
1208057,99615,19500,144500,8236259,2000,SAN-PEDRO
1208057,99615,19500,144500,8377661,2000,SAN-PEDRO
1208057,99615,19500,144500,8575228,2000,SAN-PEDRO
1208057,99615,19500,144500,8737705,2000,SAN-PEDRO
1208057,99615,19500,144500,8951759,2000,SAN-PEDRO
1208057,99615,19500,144500,9139386,2000,SAN-PEDRO
1208057,99615,19500,144500,9346500,2000,SAN-PEDRO
1208057,99615,19500,144500,9544734,2000,SAN-PEDRO
1208057,99615,19500,144500,9665301,2000,SAN-PEDRO
1208057,99615,19500,144500,9884696,3000,SAN-PEDRO
1208057,99615,19500,144500,10138964,2000,SAN-PEDRO
1208057,99615,19500,144500,10332726,800,SAN-PEDRO
1208057,99615,19500,144500,10394896,2000,SAN-PEDRO
1208057,99615,19500,144500,10625720,2000,SAN-PEDRO
1208057,99615,19500,144500,10850039,800,SAN-PEDRO
1208057,99615,19500,144500,10930512,2000,SAN-PEDRO
1208057,99615,19500,144500,11193609,2000,SAN-PEDRO
1208057,99615,19500,144500,11393950,2000,SAN-PEDRO
1208057,99615,19500,144500,11613357,2000,SAN-PEDRO
1208057,99615,19500,144500,11763169,2000,SAN-PEDRO
1208057,99615,19500,144500,11913081,4000,SAN-PEDRO
1208057,99615,19500,144500,11950482,2000,SAN-PEDRO
1227888,99695,19500,144500,1863005,20000,SAN-PEDRO
1227888,99695,19500,144500,1967444,12000,SAN-PEDRO
1227888,99695,19500,144500,2615736,12000,SAN-PEDRO
1227888,99695,19500,144500,3384338,15000,SAN-PEDRO
1227888,99695,19500,144500,4122862,15000,SAN-PEDRO
1227888,99695,19500,144500,4845927,15000,SAN-PEDRO
1227888,99695,19500,144500,7482726,30000,SAN-PEDRO
1227888,99695,19500,144500,10593814,12000,SAN-PEDRO
1227888,99695,19500,144500,11816638,15000,SAN-PEDRO
1207873,99701,19500,144500,1863357,20000,DJOUROUTOU
1207873,99701,19500,144500,5222753,41100,DJOUROUTOU
1207873,99701,19500,144500,9033595,20000,DJOUROUTOU
1207873,99701,19500,144500,11468165,9000,DJOUROUTOU
1207873,99701,19500,144500,12708535,9000,DJOUROUTOU
1227882,99716,19500,144500,1864718,20000,SASSANDRA
1227882,99716,19500,144500,1970428,10400,SASSANDRA
1227882,99716,19500,144500,2454889,14900,SASSANDRA
1227882,99716,19500,144500,3255405,13700,SASSANDRA
1227882,99716,19500,144500,4007473,5000,SASSANDRA
1227882,99716,19500,144500,4332719,5000,SASSANDRA
